{
  "designerVersion" : "1.8.31",
  "id" : "startProcessForm",
  "name" : "startProcessForm",
  "lastUpdate" : 1549898308108,
  "rows" : [ [ {
    "type" : "formContainer",
    "dimension" : {
      "xs" : 12
    },
    "propertyValues" : {
      "cssClasses" : {
        "type" : "constant",
        "value" : ""
      },
      "hidden" : {
        "type" : "constant",
        "value" : false
      }
    },
    "reference" : "6172c696-797a-45a0-bc57-398544eeaefb",
    "hasValidationError" : false,
    "id" : "pbFormContainer",
    "container" : {
      "type" : "container",
      "dimension" : {
        "xs" : 12
      },
      "propertyValues" : { },
      "reference" : "c2077840-5258-4c8c-be34-e48247ef3e64",
      "hasValidationError" : false,
      "id" : "pbContainer",
      "rows" : [ [ {
        "type" : "component",
        "dimension" : {
          "xs" : 12
        },
        "propertyValues" : {
          "cssClasses" : {
            "type" : "constant",
            "value" : ""
          },
          "hidden" : {
            "type" : "constant",
            "value" : false
          },
          "disabled" : {
            "type" : "constant",
            "value" : false
          },
          "inline" : {
            "type" : "constant",
            "value" : false
          },
          "labelHidden" : {
            "type" : "constant",
            "value" : false
          },
          "label" : {
            "type" : "interpolation",
            "value" : "Select groups"
          },
          "labelPosition" : {
            "type" : "constant",
            "value" : "top"
          },
          "labelWidth" : {
            "type" : "constant",
            "value" : 4
          },
          "availableValues" : {
            "type" : "expression",
            "value" : "groups"
          },
          "displayedKey" : {
            "type" : "constant",
            "value" : "displayName"
          },
          "returnedKey" : {
            "type" : "constant",
            "value" : "id"
          },
          "selectedValues" : {
            "type" : "variable",
            "value" : "data.selectionInput.selectedGroups"
          }
        },
        "reference" : "8d7fa0e3-231b-4a3c-9d91-dcb1dd2fc549",
        "hasValidationError" : false,
        "id" : "pbChecklist"
      } ], [ {
        "type" : "component",
        "dimension" : {
          "xs" : 12
        },
        "propertyValues" : {
          "cssClasses" : {
            "type" : "constant",
            "value" : ""
          },
          "hidden" : {
            "type" : "constant",
            "value" : false
          },
          "allowHTML" : {
            "type" : "constant",
            "value" : true
          },
          "text" : {
            "type" : "interpolation",
            "value" : "<b>Data: </b> {{data | json}}"
          },
          "alignment" : {
            "type" : "constant",
            "value" : "left"
          }
        },
        "reference" : "d076f736-dd82-44bd-a86c-680b953c4a93",
        "hasValidationError" : false,
        "id" : "pbText"
      } ], [ {
        "type" : "component",
        "dimension" : {
          "xs" : 12
        },
        "propertyValues" : {
          "removeItem" : {
            "type" : "variable"
          },
          "cssClasses" : {
            "type" : "constant",
            "value" : ""
          },
          "widgetId" : {
            "type" : "constant",
            "value" : "pbButton"
          },
          "buttonStyle" : {
            "type" : "constant",
            "value" : "primary"
          },
          "isDisplayed" : {
            "type" : "constant",
            "value" : true
          },
          "label" : {
            "type" : "interpolation",
            "value" : "Submit"
          },
          "dataToSend" : {
            "type" : "expression",
            "value" : "data"
          },
          "labelHidden" : {
            "type" : "constant",
            "value" : false
          },
          "readonly" : {
            "type" : "constant",
            "value" : false
          },
          "collectionPosition" : {
            "type" : "constant"
          },
          "targetUrlOnSuccess" : {
            "type" : "interpolation",
            "value" : "/bonita"
          },
          "action" : {
            "type" : "constant",
            "value" : "Start process"
          },
          "collectionToModify" : {
            "type" : "variable"
          },
          "valueToAdd" : {
            "type" : "expression"
          },
          "disabled" : {
            "type" : "expression",
            "value" : "$form.$invalid"
          },
          "alignment" : {
            "type" : "constant",
            "value" : "center"
          },
          "class" : {
            "type" : "constant",
            "value" : "org.bonitasoft.web.designer.experimental.parametrizedWidget.ButtonWidget"
          },
          "dimension" : {
            "type" : "constant",
            "value" : 12
          },
          "hidden" : {
            "type" : "constant",
            "value" : false
          },
          "url" : {
            "type" : "interpolation"
          },
          "dataFromSuccess" : {
            "type" : "variable",
            "value" : ""
          },
          "closeOnSuccess" : {
            "type" : "constant",
            "value" : false
          },
          "dataFromError" : {
            "type" : "variable",
            "value" : ""
          },
          "modalId" : {
            "type" : "constant",
            "value" : ""
          }
        },
        "reference" : "f4810430-4197-4e5b-a2fb-7f4682a9ae2b",
        "hasValidationError" : false,
        "id" : "pbButton"
      } ] ]
    }
  } ] ],
  "assets" : [ {
    "id" : "e1d49884-8906-4d4e-8d58-5ed72a2758b0",
    "name" : "style.css",
    "type" : "css",
    "order" : 0,
    "external" : false
  } ],
  "inactiveAssets" : [ ],
  "data" : {
    "data" : {
      "type" : "json",
      "value" : "{ \"selectionInput\" : { \"selectedGroups\" : [] } }",
      "exposed" : false
    },
    "groups" : {
      "type" : "url",
      "value" : "../API/identity/group?o=name%20ASC",
      "exposed" : false
    }
  },
  "hasValidationError" : false,
  "uuid" : "66e0f3e7-f192-4620-844a-57a3ae50545a",
  "type" : "form",
  "description" : "Page generated with Bonita UI designer",
  "displayName" : "newForm"
}